id,person_id,country
1,1,CN
2,2,CN
3,3,CZ
4,4,TH
5,5,PT
6,6,CZ
7,7,ID
8,8,FR
9,9,PH
10,10,FR
11,11,CN
12,12,CA
13,13,ID
14,14,BO
15,15,VN
16,16,PH
17,17,EG
18,18,CN
19,19,CZ
20,20,RU
21,21,ID
22,22,PT
23,23,RU
24,24,FI
25,25,JP
26,26,ID
27,27,CN
28,28,CN
29,29,FM
30,30,CN
31,31,LK
32,32,PH
33,33,CA
34,34,CN
35,35,CN
36,36,CN
37,37,CN
38,38,RU
39,39,PL
40,40,CN
41,41,CA
42,42,BR
43,43,CN
44,44,BZ
45,45,GR
46,46,RU
47,47,JO
48,48,NG
49,49,SE
50,50,CN
51,51,CZ
52,52,CO
53,53,ID
54,54,IR
55,55,CN
56,56,MZ
57,57,RU
58,58,ID
59,59,US
60,60,AF
61,61,JO
62,62,PH
63,63,ID
64,64,ID
65,65,RU
66,66,BA
67,67,ER
68,68,AR
69,69,ID
70,70,RU
71,71,EG
72,72,SE
73,73,UG
74,74,TH
75,75,CO
76,76,PL
77,77,PH
78,78,RU
79,79,PH
80,80,KE
81,81,ID
82,82,CZ
83,83,PH
84,84,UA
85,85,ES
86,86,PH
87,87,BD
88,88,SE
89,89,SE
90,90,US
91,91,CN
92,92,SE
93,93,CO
94,94,CN
95,95,ID
96,96,ID
97,97,CN
98,98,AL
99,99,ID
100,100,BO
101,101,BS
102,102,CN
103,103,UZ
104,104,CN
105,105,BY
106,106,CN
107,107,ID
108,108,PA
109,109,MU
110,110,CN
111,111,CN
112,112,VE
113,113,NO
114,114,FR
115,115,FI
116,116,FR
117,117,NL
118,118,PL
119,119,TZ
120,120,CN
121,121,ID
122,122,CN
123,123,ID
124,124,CN
125,125,PH
126,126,RU
127,127,ID
128,128,JO
129,129,CN
130,130,PE
131,131,FR
132,132,ID
133,133,US
134,134,JP
135,135,LI
136,136,NP
137,137,EG
138,138,GE
139,139,LB
140,140,CN
141,141,IE
142,142,SE
143,143,AR
144,144,ID
145,145,SE
146,146,HN
147,147,PH
148,148,CN
149,149,ID
150,150,RS
151,151,GM
152,152,PL
153,153,CN
154,154,CN
155,155,PE
156,156,PT
157,157,PH
158,158,RU
159,159,AL
160,160,ID
161,161,IQ
162,162,ID
163,163,CN
164,164,GT
165,165,CN
166,166,JP
167,167,CO
168,168,LT
169,169,PE
170,170,CO
171,171,CO
172,172,SN
173,173,ET
174,174,SE
175,175,NG
176,176,MA
177,177,CN
178,178,AF
179,179,US
180,180,ET
181,181,SE
182,182,PE
183,183,ID
184,184,PE
185,185,BR
186,186,CA
187,187,CN
188,188,FR
189,189,RU
190,190,ID
191,191,RS
192,192,CN
193,193,BY
194,194,BR
195,195,ID
196,196,BR
197,197,PS
198,198,PT
199,199,RU
200,200,PT
201,201,BA
202,202,RU
203,203,HN
204,204,NI
205,205,FR
206,206,CZ
207,207,CN
208,208,PL
209,209,PT
210,210,CZ
211,211,CN
212,212,GR
213,213,CN
214,214,RU
215,215,PH
216,216,RU
217,217,PT
218,218,SY
219,219,PT
220,220,BY
221,221,TH
222,222,SE
223,223,FR
224,224,BO
225,225,ZM
226,226,CN
227,227,PH
228,228,SL
229,229,BR
230,230,CN
231,231,CN
232,232,BR
233,233,ID
234,234,UA
235,235,IR
236,236,PT
237,237,PL
238,238,CN
239,239,CN
240,240,JP
241,241,TZ
242,242,RU
243,243,CN
244,244,ID
245,245,FR
246,246,CM
247,247,CZ
248,248,PE
249,249,JP
250,250,PS
251,251,PH
252,252,CZ
253,253,ID
254,254,VE
255,255,US
256,256,CL
257,257,TH
258,258,TH
259,259,CO
260,260,AF
261,261,PT
262,262,FR
263,263,TH
264,264,CZ
265,265,CN
266,266,CN
267,267,US
268,268,FR
269,269,ID
270,270,RU
271,271,ID
272,272,CN
273,273,CN
274,274,CN
275,275,ZA
276,276,ID
277,277,BR
278,278,MK
279,279,PS
280,280,BR
281,281,MX
282,282,ZA
283,283,PS
284,284,SY
285,285,CA
286,286,CD
287,287,RU
288,288,ID
289,289,TZ
290,290,CN
291,291,CN
292,292,PL
293,293,BR
294,294,TH
295,295,CN
296,296,FR
297,297,PT
298,298,PH
299,299,RU
300,300,EC
301,301,CO
302,302,LT
303,303,CA
304,304,CN
305,305,HR
306,306,CO
307,307,ID
308,308,ID
309,309,VN
310,310,PH
311,311,BR
312,312,RU
313,313,ID
314,314,ET
315,315,ID
316,316,CN
317,317,CN
318,318,NO
319,319,PL
320,320,TH
321,321,CF
322,322,PT
323,323,CN
324,324,YE
325,325,CO
326,326,CN
327,327,GB
328,328,MK
329,329,CN
330,330,CN
331,331,IE
332,332,ID
333,333,CN
334,334,NI
335,335,CN
336,336,SL
337,337,CN
338,338,CN
339,339,CN
340,340,US
341,341,RU
342,342,ID
343,343,AF
344,344,CN
345,345,BR
346,346,CN
347,347,SE
348,348,FR
349,349,IE
350,350,HN
351,351,CY
352,352,US
353,353,ID
354,354,ID
355,355,MU
356,356,ID
357,357,PT
358,358,HR
359,359,US
360,360,CN
361,361,PK
362,362,CN
363,363,CO
364,364,PL
365,365,FM
366,366,RU
367,367,PT
368,368,PF
369,369,HR
370,370,VN
371,371,JP
372,372,UA
373,373,GR
374,374,LB
375,375,SN
376,376,SE
377,377,BR
378,378,RU
379,379,MN
380,380,VE
381,381,CN
382,382,HR
383,383,XK
384,384,PY
385,385,BR
386,386,FI
387,387,HR
388,388,TN
389,389,BR
390,390,TW
391,391,BD
392,392,CN
393,393,FR
394,394,ID
395,395,ET
396,396,ID
397,397,CA
398,398,CN
399,399,RU
400,400,ID
401,401,JO
402,402,TT
403,403,AE
404,404,SE
405,405,MN
406,406,SE
407,407,KP
408,408,CN
409,409,FR
410,410,LT
411,411,GR
412,412,PT
413,413,PH
414,414,US
415,415,CN
416,416,CN
417,417,ID
418,418,AZ
419,419,EG
420,420,TH
421,421,CA
422,422,CZ
423,423,HR
424,424,ID
425,425,CI
426,426,CU
427,427,CN
428,428,RS
429,429,KZ
430,430,UA
431,431,MD
432,432,AM
433,433,FR
434,434,TH
435,435,AM
436,436,PH
437,437,ID
438,438,CN
439,439,AM
440,440,PT
441,441,CN
442,442,BI
443,443,US
444,444,PH
445,445,BR
446,446,PH
447,447,GR
448,448,PE
449,449,ID
450,450,SE
451,451,PK
452,452,DK
453,453,ZW
454,454,RU
455,455,HR
456,456,CO
457,457,GR
458,458,CN
459,459,BR
460,460,CN
461,461,PL
462,462,CZ
463,463,CN
464,464,JP
465,465,CN
466,466,PL
467,467,ID
468,468,ET
469,469,CN
470,470,PL
471,471,OM
472,472,RU
473,473,SY
474,474,RU
475,475,SI
476,476,IT
477,477,CN
478,478,BR
479,479,CN
480,480,CN
481,481,CN
482,482,CO
483,483,US
484,484,CN
485,485,ID
486,486,ID
487,487,AR
488,488,CN
489,489,CN
490,490,CA
491,491,BR
492,492,LC
493,493,CO
494,494,CO
495,495,PE
496,496,RU
497,497,CO
498,499,PT
499,499,LU
500,500,PT
501,501,VN
502,502,NA
503,503,CN
504,504,PT
505,505,GR
506,506,PH
507,507,MX
508,508,AL
509,509,GA
510,510,JP
511,511,BR
512,512,BR
513,513,PL
514,514,AR
515,515,CN
516,516,ID
517,517,CN
518,518,CN
519,519,MY
520,520,PT
521,521,CN
522,522,RU
523,523,RU
524,524,PL
525,525,PH
526,526,PH
527,527,AZ
528,528,CM
529,529,PT
530,530,ID
531,531,BR
532,532,FR
533,533,PT
534,534,WS
535,535,CN
536,536,TH
537,537,SD
538,538,PL
539,539,JM
540,540,BA
541,541,CN
542,542,TH
543,543,KZ
544,544,CN
545,545,ID
546,546,VN
547,547,CN
548,548,CN
549,549,KZ
550,550,PE
551,551,SY
552,552,ID
553,553,NI
554,554,AR
555,555,FI
556,556,AL
557,557,AL
558,558,CN
559,559,CN
560,560,PH
561,561,CN
562,562,ID
563,563,RU
564,564,KN
565,565,PT
566,566,BR
567,567,MX
568,568,CZ
569,569,UA
570,570,AR
571,571,PK
572,572,CO
573,573,AF
574,574,RU
575,575,CN
576,576,CN
577,577,ID
578,578,KZ
579,579,ID
580,580,IR
581,581,FR
582,582,CN
583,583,CN
584,584,SL
585,585,BR
586,586,PE
587,587,XK
588,588,ID
589,589,TH
590,590,BR
591,591,PT
592,592,TN
593,593,FI
594,594,CU
595,595,PH
596,596,PH
597,597,AR
598,598,TH
599,599,AF
600,600,CN
601,601,ID
602,602,CN
603,603,MQ
604,604,CN
605,605,CN
606,606,CN
607,607,CN
608,608,YE
609,609,ID
610,610,CU
611,611,ID
612,612,CN
613,613,BR
614,614,US
615,615,UZ
616,616,AR
617,617,CN
618,618,CZ
619,619,VN
620,620,RS
621,621,SE
622,622,VC
623,623,LV
624,624,PL
625,625,CN
626,626,MG
627,627,NG
628,628,CN
629,629,AM
630,630,BG
631,631,FR
632,632,MT
633,633,YE
634,634,CN
635,635,PH
636,636,MX
637,637,IL
638,638,ID
639,639,IE
640,640,PH
641,641,KW
642,642,PS
643,643,CN
644,644,MX
645,645,SE
646,646,PH
647,647,KR
648,648,CO
649,649,PE
650,650,ID
651,651,JP
652,652,PK
653,653,CN
654,654,SE
655,655,UZ
656,656,PH
657,657,ID
658,658,CN
659,659,CN
660,660,PT
661,661,CN
662,662,FR
663,663,ID
664,664,CN
665,665,SE
666,666,CO
667,667,CN
668,668,CF
669,669,US
670,670,ID
671,671,CN
672,672,VN
673,673,MA
674,674,ZA
675,675,GE
676,676,MX
677,677,PH
678,678,PT
679,679,CZ
680,680,PT
681,681,PT
682,682,CN
683,683,PY
684,684,TH
685,685,TH
686,686,NZ
687,687,PE
688,688,PT
689,689,PT
690,690,ID
691,691,CN
692,692,ID
693,693,CN
694,694,CN
695,695,CN
696,696,PH
697,697,CN
698,698,RU
699,699,CN
700,700,GR
701,701,CN
702,702,HU
703,703,SE
704,704,CN
705,705,CN
706,706,PT
707,707,CN
708,708,RU
709,709,PE
710,710,NO
711,711,MX
712,712,PH
713,713,CN
714,714,PH
715,715,ID
716,716,TH
717,717,SE
718,718,BR
719,719,ID
720,720,CN
721,721,CN
722,722,NZ
723,723,BD
724,724,CN
725,725,VN
726,726,BR
727,727,CA
728,728,ID
729,729,NL
730,730,TN
731,731,PS
732,732,CA
733,733,TH
734,734,PL
735,735,NG
736,736,BR
737,737,TZ
738,738,SY
739,739,GT
740,740,BR
741,741,ID
742,742,PK
743,743,MQ
744,744,BR
745,745,US
746,746,FR
747,747,MW
748,748,MY
749,749,ID
750,750,BR
751,751,TH
752,752,PL
753,753,CN
754,754,CN
755,755,AR
756,756,CU
757,757,BR
758,758,ID
759,759,CN
760,760,ID
761,761,PE
762,762,TZ
763,763,CA
764,764,LV
765,765,JP
766,766,FR
767,767,CL
768,768,RU
769,769,SE
770,770,CN
771,771,CI
772,772,CN
773,773,PT
774,774,NZ
775,775,ID
776,776,NO
777,777,BG
778,778,GR
779,779,ID
780,780,CN
781,781,CN
782,782,NO
783,783,YE
784,784,CN
785,785,CN
786,786,PL
787,787,ID
788,788,RU
789,789,CZ
790,790,AR
791,791,TZ
792,792,AR
793,793,SE
794,794,DZ
795,795,FR
796,796,CN
797,797,UA
798,798,CO
799,799,ID
800,800,ID
801,801,YE
802,802,DE
803,803,BS
804,804,CA
805,805,MG
806,806,AF
807,807,CN
808,808,ID
809,809,JP
810,810,AL
811,811,TH
812,812,US
813,813,KZ
814,814,AR
815,815,CM
816,816,US
817,817,AZ
818,818,EC
819,819,SE
820,820,AM
821,821,ID
822,822,CN
823,823,FI
824,824,RU
825,825,KP
826,826,US
827,827,CN
828,828,JP
829,829,ID
830,830,NG
831,831,RU
832,832,PL
833,833,CZ
834,834,ID
835,835,JM
836,836,AF
837,837,BR
838,838,FR
839,839,CN
840,840,CN
841,841,HR
842,842,CN
843,843,CN
844,844,PL
845,845,SE
846,846,NP
847,847,CN
848,848,SE
849,849,IQ
850,850,SY
851,851,PT
852,852,PT
853,853,ZA
854,854,ID
855,855,CN
856,856,AL
857,857,PT
858,858,BR
859,859,PS
860,860,LT
861,861,CN
862,862,SE
863,863,CN
864,864,CN
865,865,CN
866,866,PT
867,867,CZ
868,868,CN
869,869,CN
870,870,ID
871,871,CN
872,872,ID
873,873,PL
874,874,RU
875,875,PT
876,876,BR
877,877,ID
878,878,GR
879,879,PH
880,880,RU
881,881,BF
882,882,PT
883,883,CN
884,884,BB
885,885,UA
886,886,BR
887,887,FR
888,888,PL
889,889,US
890,890,US
891,891,PL
892,892,CN
893,893,HR
894,894,PH
895,895,US
896,896,BR
897,897,RU
898,898,CN
899,899,SE
900,900,PL
901,901,PL
902,902,PL
903,903,CN
904,904,CN
905,905,PT
906,906,TW
907,907,BR
908,908,CN
909,909,AL
910,910,GT
911,911,PT
912,912,CN
913,913,US
914,914,DE
915,915,VN
916,916,TZ
917,917,ID
918,918,CA
919,919,KZ
920,920,ID
921,921,TZ
922,922,CN
923,923,VE
924,924,UZ
925,925,CN
926,926,IE
927,927,TZ
928,928,ID
929,929,ID
930,930,CZ
931,931,AR
932,932,TH
933,933,CN
934,934,CN
935,935,RU
936,936,VN
937,937,PT
938,938,MV
939,939,VE
940,940,RU
941,941,UA
942,942,ID
943,943,FR
944,944,TH
945,945,YE
946,946,MY
947,947,PH
948,948,CN
949,949,CN
950,950,GT
951,951,CA
952,952,SE
953,953,CN
954,954,PH
955,955,CZ
956,956,PL
957,957,CN
958,958,UA
959,959,PL
960,960,PT
961,961,PA
962,962,MN
963,963,CN
964,964,ID
965,965,VE
966,966,RU
967,967,MY
968,968,CN
969,969,UA
970,970,ID
971,971,GM
972,972,PH
973,973,BR
974,974,MG
975,975,US
976,976,PH
977,977,MY
978,978,BR
979,979,FR
980,980,YE
981,981,JP
982,982,CN
983,983,ML
984,984,HN
985,985,FI
986,986,KE
987,987,CN
988,988,CN
989,989,CN
990,990,ID
991,991,NP
992,992,FR
993,993,PE
994,994,SE
995,995,US
996,996,NG
997,997,AR
998,998,PH
999,999,ID
1000,1000,RU
1001,1001,RS
1002,1002,CN
1003,1003,SI
1004,1004,CN
1005,1005,CN
1006,1006,MX
1007,1007,NG
1008,1008,CN
1009,1009,TH
1010,1010,ZA
1011,1011,PT
1012,1012,CN
1013,1013,GR
1014,1014,EG
1015,1015,MY
1016,1016,CN
1017,1017,BR
1018,1018,ID
1019,1019,PT
1020,1020,CN
1021,1021,TH
1022,1022,MN
1023,1023,RU
1024,1024,ID
1025,1025,LT
1026,1026,UG
1027,1027,GB
1028,1028,SE
1029,1029,CU
1030,1030,PL
1031,1031,PL
1032,1032,PT
1033,1033,TH
1034,1034,CN
1035,1035,CN
1036,1036,PH
1037,1037,ID
1038,1038,CN
1039,1039,US
1040,1040,ID
1041,1041,GT
1042,1042,PE
1043,1043,CN
1044,1044,AS
1045,1045,PE
1046,1046,SL
1047,1047,AM
1048,1048,BR
1049,1049,US
1050,1050,TZ
1051,1051,PK
1052,1052,PH
1053,1053,CN
1054,1054,BR
1055,1055,PH
1056,1056,PT
1057,1057,CN
1058,1058,CN
1059,1059,CZ
1060,1060,FR
1061,1061,UG
1062,1062,MG
1063,1063,MG
1064,1064,BF
1065,1065,IR
1066,1066,TM
1067,1067,SI
1068,1068,UA
1069,1069,CN
1070,1070,CA
1071,1071,DO
1072,1072,RS
1073,1073,CZ
1074,1074,FI
1075,1075,PH
1076,1076,US
1077,1077,BR
1078,1078,ID
1079,1079,ID
1080,1080,CN
1081,1081,IL
1082,1082,US
1083,1083,BR
1084,1084,CN
1085,1085,IE
1086,1086,BA
1087,1087,RU
1088,1088,SE
1089,1089,ID
1090,1090,BR
1091,1091,UA
1092,1092,RU
1093,1093,CN
1094,1094,AR
1095,1095,NZ
1096,1096,VE
1097,1097,AL
1098,1098,AF
1099,1099,JP
1100,1100,CO
1101,1101,PH
1102,1102,CN
1103,1103,FI
1104,1104,PH
1105,1105,CD
1106,1106,CN
1107,1107,PE
1108,1108,PH
1109,1109,ID
1110,1110,CO
1111,1111,BD
1112,1112,RU
1113,1113,RU
1114,1114,MM
1115,1115,RU
1116,1116,PT
1117,1117,CZ
1118,1118,XK
1119,1119,CN
1120,1120,FR
1121,1121,IE
1122,1122,SE
1123,1123,AR
1124,1124,PH
1125,1125,CN
1126,1126,RU
1127,1127,CN
1128,1128,RU
1129,1129,US
1130,1130,GR
1131,1131,SE
1132,1132,FR
1133,1133,JP
1134,1134,PH
1135,1135,CN
1136,1136,US
1137,1137,BR
1138,1138,CO
1139,1139,CI
1140,1140,CN
1141,1141,AO
1142,1142,PT
1143,1143,GT
1144,1144,ID
1145,1145,MD
1146,1146,SE
1147,1147,CN
1148,1148,KE
1149,1149,ID
1150,1150,ID
1151,1151,RU
1152,1152,BY
1153,1153,AR
1154,1154,NP
1155,1155,SL
1156,1156,LU
1157,1157,NL
1158,1158,TN
1159,1159,PH
1160,1160,LV
1161,1161,PT
1162,1162,PE
1163,1163,KW
1164,1164,CN
1165,1165,UG
1166,1166,VN
1167,1167,PH
1168,1168,TN
1169,1169,YE
1170,1170,CN
1171,1171,DK
1172,1172,CA
1173,1173,CN
1174,1174,RU
1175,1175,BR
1176,1176,ID
1177,1177,ID
1178,1178,ID
1179,1179,BG
1180,1180,CN
1181,1181,KH
1182,1182,UZ
1183,1183,CN
1184,1184,CZ
1185,1185,CO
1186,1186,US
1187,1187,PT
1188,1188,FI
1189,1189,GR
1190,1190,ZA
1191,1191,IQ
1192,1192,RU
1193,1193,CN
1194,1194,PT
1195,1195,PH
1196,1196,AZ
1197,1197,BR
1198,1198,CN
1199,1199,UA
1200,1200,VN
1201,1201,NG
1202,1202,ID
1203,1203,BA
1204,1204,KR
1205,1205,PH
1206,1206,RU
1207,1207,CN
1208,1208,PH
1209,1209,CN
1210,1210,US
1211,1211,CN
1212,1212,NG
1213,1213,CO
1214,1214,DE
1215,1215,BR
1216,1216,BR
1217,1217,TZ
1218,1218,RU
1219,1219,CZ
1220,1220,MN
1221,1221,RU
1222,1222,PT
1223,1223,CN
1224,1224,VN
1225,1225,RU
1226,1226,PH
1227,1227,PK
1228,1228,CN
1229,1229,FO
1230,1230,RU
1231,1231,IE
1232,1232,BR
1233,1233,CN
1234,1234,CO
1235,1235,RU
1236,1236,CN
1237,1237,SE
1238,1238,MY
1239,1239,RU
1240,1240,CN
1241,1241,JP
1242,1242,NG
1243,1243,CI
1244,1244,PT
1245,1245,ZA
1246,1246,IE
1247,1247,PH
1248,1248,NL
1249,1249,AR
1250,1250,BR
1251,1251,SI
1252,1252,PL
1253,1253,UG
1254,1254,FI
1255,1255,CN
1256,1256,BR
1257,1257,RU
1258,1258,TH
1259,1259,ID
1260,1260,ID
1261,1261,KE
1262,1262,NG
1263,1263,JP
1264,1264,IR
1265,1265,TN
1266,1266,US
1267,1267,SE
1268,1268,PH
1269,1269,ID
1270,1270,CI
1271,1271,GM
1272,1272,AR
1273,1273,SE
1274,1274,ID
1275,1275,JO
1276,1276,BR
1277,1277,PT
1278,1278,NI
1279,1279,AM
1280,1280,RU
1281,1281,RU
1282,1282,PL
1283,1283,MG
1284,1284,CN
1285,1285,SE
1286,1286,PE
1287,1287,CN
1288,1288,CN
1289,1289,MU
1290,1290,CN
1291,1291,US
1292,1292,CN
1293,1293,FR
1294,1294,PE
1295,1295,SE
1296,1296,VN
1297,1297,CO
1298,1298,MA
1299,1299,CN
1300,1300,CN
1301,1301,ID
1302,1302,CN
1303,1303,DK
1304,1304,NL
1305,1305,RU
1306,1306,PL
1307,1307,ID
1308,1308,AR
1309,1309,GR
1310,1310,BR
1311,1311,PT
1312,1312,PS
1313,1313,CI
1314,1314,PT
1315,1315,RU
1316,1316,CN
1317,1317,IE
1318,1318,ID
1319,1319,ID
1320,1320,UA
1321,1321,CN
1322,1322,ID
1323,1323,ID
1324,1324,BR
1325,1325,RS
1326,1326,CN
1327,1327,SD
1328,1328,PT
1329,1329,CY
1330,1330,JO
1331,1331,CN
1332,1332,BR
1333,1333,PH
1334,1334,PH
1335,1335,CN
1336,1336,PK
1337,1337,ID
1338,1338,HR
1339,1339,SE
1340,1340,ID
1341,1341,RU
1342,1342,NP
1343,1343,CN
1344,1344,BI
1345,1345,ID
1346,1346,AR
1347,1347,PH
1348,1348,BR
1349,1349,BG
1350,1350,PE
1351,1351,KI
1352,1352,CN
1353,1353,SA
1354,1354,ID
1355,1355,CN
1356,1356,PL
1357,1357,PT
1358,1358,RU
1359,1359,US
1360,1360,SE
1361,1361,PT
1362,1362,LV
1363,1363,EG
1364,1364,VE
1365,1365,CN
1366,1366,CN
1367,1367,CN
1368,1368,RU
1369,1369,AR
1370,1370,CN
1371,1371,UA
1372,1372,MK
1373,1373,MX
1374,1374,EC
1375,1375,PH
1376,1376,PL
1377,1377,RU
1378,1378,CN
1379,1379,CA
1380,1380,PS
1381,1381,PE
1382,1382,CN
1383,1383,CN
1384,1384,SE
1385,1385,PE
1386,1386,FI
1387,1387,CZ
1388,1388,MN
1389,1389,ID
1390,1390,PT
1391,1391,CN
1392,1392,NL
1393,1393,ID
1394,1394,ID
1395,1395,CN
1396,1396,KG
1397,1397,CN
1398,1398,CU
1399,1399,CN
1400,1400,CN
1401,1401,ID
1402,1402,CA
1403,1403,BR
1404,1404,CN
1405,1405,RU
1406,1406,CN
1407,1407,AR
1408,1408,BR
1409,1409,CZ
1410,1410,NG
1411,1411,PH
1412,1412,IR
1413,1413,ID
1414,1414,AZ
1415,1415,RU
1416,1416,RU
1417,1417,CN
1418,1418,CN
1419,1419,CN
1420,1420,NG
1421,1421,CN
1422,1422,BA
1423,1423,PT
1424,1424,AF
1425,1425,ID
1426,1426,RU
1427,1427,ID
1428,1428,PH
1429,1429,TN
1430,1430,CN
1431,1431,FR
1432,1432,CN
1433,1433,RU
1434,1434,NZ
1435,1435,FR
1436,1436,ID
1437,1437,NL
1438,1438,ID
1439,1439,RU
1440,1440,ID
1441,1441,CN
1442,1442,CI
1443,1443,UA
1444,1444,PH
1445,1445,CX
1446,1446,CN
1447,1447,RU
1448,1448,ID
1449,1449,BR
1450,1450,SE
1451,1451,US
1452,1452,AR
1453,1453,CI
1454,1454,PT
1455,1455,CN
1456,1456,CD
1457,1457,ID
1458,1458,NL
1459,1459,CZ
1460,1460,PA
1461,1461,ID
1462,1462,IT
1463,1463,TL
1464,1464,PE
1465,1465,BG
1466,1466,FR
1467,1467,RU
1468,1468,CN
1469,1469,UA
1470,1470,PT
1471,1471,PH
1472,1472,CL
1473,1473,RU
1474,1474,CM
1475,1475,DO
1476,1476,PL
1477,1477,ID
1478,1478,CN
1479,1479,TH
1480,1480,FR
1481,1481,UA
1482,1482,ID
1483,1483,ID
1484,1484,PH
1485,1485,KE
1486,1486,CN
1487,1487,ID
1488,1488,RU
1489,1489,PE
1490,1490,CV
1491,1491,CN
1492,1492,PH
1493,1493,CN
1494,1494,CN
1495,1495,FR
1496,1496,CN
1497,1497,ID
1498,1498,ID
1499,1499,FR
1500,1500,BR
1501,1501,CN
1502,1502,PS
1503,1503,ID
1504,1504,TN
1505,1505,RU
1506,1506,HN
1507,1507,PL
1508,1508,PE
1509,1509,DE
1510,1510,GE
1511,1511,CN
1512,1512,BR
1513,1513,NG
1514,1514,CN
1515,1515,CN
1516,1516,PL
1517,1517,SE
1518,1518,PH
1519,1519,ID
1520,1520,UA
1521,1521,RU
1522,1522,RU
1523,1523,NO
1524,1524,ID
1525,1525,MU
1526,1526,BR
1527,1527,TH
1528,1528,RU
1529,1529,ID
1530,1530,PH
1531,1531,ID
1532,1532,PH
1533,1533,CZ
1534,1534,PT
1535,1535,CN
1536,1536,PL
1537,1537,MK
1538,1538,CN
1539,1539,PL
1540,1540,KR
1541,1541,TN
1542,1542,CN
1543,1543,JP
1544,1544,FI
1545,1545,BR
1546,1546,PK
1547,1547,CO
1548,1548,RU
1549,1549,SE
1550,1550,PT
1551,1551,CN
1552,1552,CU
1553,1553,ID
1554,1554,MG
1555,1555,FR
1556,1556,FR
1557,1557,TH
1558,1558,ID
1559,1559,CZ
1560,1560,MN
1561,1561,PT
1562,1562,CN
1563,1563,CY
1564,1564,CN
1565,1565,PK
1566,1566,ID
1567,1567,GR
1568,1568,LU
1569,1569,DO
1570,1570,BY
1571,1571,MX
1572,1572,PY
1573,1573,PL
1574,1574,MX
1575,1575,CN
1576,1576,PH
1577,1577,PL
1578,1578,CN
1579,1579,CN
1580,1580,CN
1581,1581,PA
1582,1582,EC
1583,1583,AR
1584,1584,TH
1585,1585,PL
1586,1586,NG
1587,1587,CN
1588,1588,ID
1589,1589,TH
1590,1590,CU
1591,1591,IE
1592,1592,ID
1593,1593,PE
1594,1594,MX
1595,1595,MK
1596,1596,CN
1597,1597,AL
1598,1598,PL
1599,1599,FI
1600,1600,IE
1601,1601,ID
1602,1602,ID
1603,1603,PT
1604,1604,PL
1605,1605,ID
1606,1606,BR
1607,1607,LY
1608,1608,NI
1609,1609,RU
1610,1610,CA
1611,1611,CN
1612,1612,PL
1613,1613,ID
1614,1614,RU
1615,1615,AZ
1616,1616,ID
1617,1617,SE
1618,1618,HT
1619,1619,CN
1620,1620,ZA
1621,1621,CN
1622,1622,FR
1623,1623,SE
1624,1624,IR
1625,1625,TD
1626,1626,CN
1627,1627,PE
1628,1628,SE
1629,1629,NG
1630,1630,ID
1631,1631,MU
1632,1632,IR
1633,1633,ID
1634,1634,TT
1635,1635,PT
1636,1636,CN
1637,1637,PH
1638,1638,BG
1639,1639,PH
1640,1640,SE
1641,1641,ID
1642,1642,ID
1643,1643,TZ
1644,1644,BW
1645,1645,FR
1646,1646,CN
1647,1647,CN
1648,1648,ID
1649,1649,HU
1650,1650,IL
1651,1651,PH
1652,1652,RU
1653,1653,ID
1654,1654,FR
1655,1655,HN
1656,1656,CN
1657,1657,BA
1658,1658,CN
1659,1659,PL
1660,1660,ID
1661,1661,FR
1662,1662,ID
1663,1663,BR
1664,1664,CN
1665,1665,TW
1666,1666,ID
1667,1667,FO
1668,1668,FR
1669,1669,IE
1670,1670,TZ
1671,1671,DE
1672,1672,FI
1673,1673,MY
1674,1674,CN
1675,1675,PH
1676,1676,HN
1677,1677,RE
1678,1678,IE
1679,1679,CN
1680,1680,CN
1681,1681,BR
1682,1682,CN
1683,1683,CN
1684,1684,LY
1685,1685,PL
1686,1686,PA
1687,1687,FR
1688,1688,ID
1689,1689,ID
1690,1690,MO
1691,1691,CN
1692,1692,PL
1693,1693,IM
1694,1694,ID
1695,1695,PL
1696,1696,CN
1697,1697,ID
1698,1698,PL
1699,1699,BR
1700,1700,LB
1701,1701,FR
1702,1702,BR
1703,1703,RU
1704,1704,PE
1705,1705,DO
1706,1706,CZ
1707,1707,CZ
1708,1708,BR
1709,1709,CN
1710,1710,US
1711,1711,US
1712,1712,BR
1713,1713,PL
1714,1714,PH
1715,1715,DE
1716,1716,ID
1717,1717,CZ
1718,1718,ID
1719,1719,TH
1720,1720,ID
1721,1721,TH
1722,1722,NO
1723,1723,BR
1724,1724,AL
1725,1725,CN
1726,1726,NP
1727,1727,CN
1728,1728,AF
1729,1729,PE
1730,1730,ID
1731,1731,CN
1732,1732,JM
1733,1733,VE
1734,1734,ID
1735,1735,US
1736,1736,PE
1737,1737,RU
1738,1738,GT
1739,1739,FR
1740,1740,PT
1741,1741,TH
1742,1742,ID
1743,1743,CN
1744,1744,PH
1745,1745,MK
1746,1746,SE
1747,1747,JP
1748,1748,KZ
1749,1749,ET
1750,1750,ID
1751,1751,ID
1752,1752,HN
1753,1753,CN
1754,1754,RU
1755,1755,BD
1756,1756,BR
1757,1757,BR
1758,1758,HN
1759,1759,CN
1760,1760,ID
1761,1761,AR
1762,1762,JP
1763,1763,CN
1764,1764,PA
1765,1765,FR
1766,1766,CA
1767,1767,CN
1768,1768,CN
1769,1769,RU
1770,1770,CN
1771,1771,ID
1772,1772,SE
1773,1773,RU
1774,1774,CN
1775,1775,FR
1776,1776,PH
1777,1777,US
1778,1778,IL
1779,1779,ME
1780,1780,CN
1781,1781,KE
1782,1782,TH
1783,1783,RU
1784,1784,BR
1785,1785,PT
1786,1786,CO
1787,1787,MR
1788,1788,GR
1789,1789,CZ
1790,1790,AR
1791,1791,NG
1792,1792,NL
1793,1793,CN
1794,1794,MX
1795,1795,CN
1796,1796,AZ
1797,1797,MK
1798,1798,CN
1799,1799,ET
1800,1800,SI
1801,1801,CN
1802,1802,RS
1803,1803,PH
1804,1804,BA
1805,1805,ID
1806,1806,FR
1807,1807,MN
1808,1808,GR
1809,1809,CN
1810,1810,BW
1811,1811,CN
1812,1812,CO
1813,1813,ID
1814,1814,ID
1815,1815,CN
1816,1816,HR
1817,1817,CO
1818,1818,CN
1819,1819,RU
1820,1820,TH
1821,1821,NG
1822,1822,ID
1823,1823,CZ
1824,1824,AR
1825,1825,VN
1826,1826,RU
1827,1827,CN
1828,1828,GR
1829,1829,CN
1830,1830,RU
1831,1831,BR
1832,1832,CO
1833,1833,CO
1834,1834,RU
1835,1835,US
1836,1836,FR
1837,1837,SE
1838,1838,CN
1839,1839,CO
1840,1840,CM
1841,1841,CN
1842,1842,SE
1843,1843,MA
1844,1844,NZ
1845,1845,MX
1846,1846,AR
1847,1847,ID
1848,1848,LV
1849,1849,JP
1850,1850,ID
1851,1851,CN
1852,1852,FR
1853,1853,BA
1854,1854,CN
1855,1855,GM
1856,1856,FR
1857,1857,ID
1858,1858,RU
1859,1859,BR
1860,1860,ID
1861,1861,KP
1862,1862,ID
1863,1863,CN
1864,1864,CI
1865,1865,JP
1866,1866,CN
1867,1867,RS
1868,1868,ID
1869,1869,RU
1870,1870,PH
1871,1871,CN
1872,1872,PH
1873,1873,PE
1874,1874,EG
1875,1875,BR
1876,1876,NP
1877,1877,ID
1878,1878,VN
1879,1879,FR
1880,1880,TH
1881,1881,AR
1882,1882,AR
1883,1883,PT
1884,1884,LK
1885,1885,CN
1886,1886,CN
1887,1887,CN
1888,1888,CN
1889,1889,PL
1890,1890,ID
1891,1891,LU
1892,1892,CN
1893,1893,SE
1894,1894,CR
1895,1895,CN
1896,1896,PE
1897,1897,ID
1898,1898,BR
1899,1899,ID
1900,1900,ID
1901,1901,FR
1902,1902,BR
1903,1903,NG
1904,1904,CA
1905,1905,LV
1906,1906,PT
1907,1907,MY
1908,1908,CN
1909,1909,AL
1910,1910,FR
1911,1911,DO
1912,1912,FR
1913,1913,FR
1914,1914,BR
1915,1915,PE
1916,1916,BA
1917,1917,ID
1918,1918,CN
1919,1919,PT
1920,1920,PH
1921,1921,CG
1922,1922,RU
1923,1923,HR
1924,1924,CN
1925,1925,PT
1926,1926,PT
1927,1927,ID
1928,1928,CZ
1929,1929,PT
1930,1930,ID
1931,1931,CN
1932,1932,LT
1933,1933,ID
1934,1934,CN
1935,1935,PH
1936,1936,ID
1937,1937,KR
1938,1938,ID
1939,1939,ZA
1940,1940,BR
1941,1941,RU
1942,1942,BY
1943,1943,CN
1944,1944,MY
1945,1945,CN
1946,1946,CN
1947,1947,ET
1948,1948,ID
1949,1949,RU
1950,1950,NL
1951,1951,JP
1952,1952,AL
1953,1953,US
1954,1954,MX
1955,1955,SV
1956,1956,NG
1957,1957,UA
1958,1958,CN
1959,1959,CZ
1960,1960,HR
1961,1961,BW
1962,1962,TH
1963,1963,CO
1964,1964,RU
1965,1965,BR
1966,1966,AL
1967,1967,US
1968,1968,RU
1969,1969,PH
1970,1970,AM
1971,1971,RU
1972,1972,FR
1973,1973,CN
1974,1974,SE
1975,1975,SE
1976,1976,NL
1977,1977,GM
1978,1978,US
1979,1979,RU
1980,1980,BN
1981,1981,KM
1982,1982,VN
1983,1983,VE
1984,1984,ID
1985,1985,PT
1986,1986,BD
1987,1987,CN
1988,1988,AR
1989,1989,CN
1990,1990,AR
1991,1991,FR
1992,1992,ID
1993,1993,PH
1994,1994,IE
1995,1995,ID
1996,1996,LT
1997,1997,CA
1998,1998,CN
1999,1999,ID
2000,2000,MX
2001,2001,AR
2002,2002,CN
2003,2003,CR
2004,2004,ID
2005,2005,HR
2006,2006,RS
2007,2007,CZ
2008,2008,FR
2009,2009,YE
2010,2010,CN
2011,2011,AM
2012,2012,SY
2013,2013,PA
2014,2014,CN
2015,2015,ID
2016,2016,ID
2017,2017,UA
2018,2018,MX
2019,2019,UA
2020,2020,AR
2021,2021,RU
2022,2022,MQ
2023,2023,DO
2024,2024,AR
2025,2025,US
2026,2026,ID
2027,2027,JP
2028,2028,PT
2029,2029,CN
2030,2030,US
2031,2031,CO
2032,2032,TD
2033,2033,ID
2034,2034,PH
2035,2035,PH
2036,2036,CN
2037,2037,CO
2038,2038,CN
2039,2039,CN
2040,2040,TH
2041,2041,RU
2042,2042,CA
2043,2043,CO
2044,2044,NG
2045,2045,BR
2046,2046,CN
2047,2047,PH
2048,2048,ZA
2049,2049,CO
2050,2050,PY
2051,2051,ID
2052,2052,CN
2053,2053,CN
2054,2054,PH
2055,2055,US
2056,2056,PT
2057,2057,NL
2058,2058,CN
2059,2059,JP
2060,2060,CZ
2061,2061,RU
2062,2062,CN
2063,2063,PT
2064,2064,PT
2065,2065,US
2066,2066,PH
2067,2067,CZ
2068,2068,PL
2069,2069,PT
2070,2070,ID
2071,2071,VE
2072,2072,LT
2073,2073,MX
2074,2074,PE
2075,2075,BR
2076,2076,CL
2077,2077,CN
2078,2078,CN
2079,2079,CA
2080,2080,BR
2081,2081,RU
2082,2082,CN
2083,2083,LV
2084,2084,RU
2085,2085,CN
2086,2086,PH
2087,2087,BR
2088,2088,IE
2089,2089,PE
2090,2090,CN
2091,2091,CN
2092,2092,PK
2093,2093,CN
2094,2094,BR
2095,2095,CN
2096,2096,RS
2097,2097,RU
2098,2098,PL
2099,2099,US
2100,2100,ID
2101,2101,SE
2102,2102,CN
2103,2103,RU
2104,2104,PE
2105,2105,ID
2106,2106,FR
2107,2107,LY
2108,2108,ID
2109,2109,CO
2110,2110,MY
2111,2111,ZA
2112,2112,CN
2113,2113,PE
2114,2114,CN
2115,2115,CN
2116,2116,BF
2117,2117,CO
2118,2118,CZ
2119,2119,ID
2120,2120,ID
2121,2121,ID
2122,2122,UA
2123,2123,CZ
2124,2124,ID
2125,2125,MX
2126,2126,CN
2127,2127,FR
2128,2128,US
2129,2129,PL
2130,2130,BR
2131,2131,ID
2132,2132,SE
2133,2133,RS
2134,2134,RU
2135,2135,CM
2136,2136,RU
2137,2137,CA
2138,2138,CN
2139,2139,MD
2140,2140,NG
2141,2141,AZ
2142,2142,JP
2143,2143,KE
2144,2144,SY
2145,2145,CN
2146,2146,CU
2147,2147,CA
2148,2148,DO
2149,2149,NL
2150,2150,BR
2151,2151,CN
2152,2152,CN
2153,2153,ES
2154,2154,CN
2155,2155,NO
2156,2156,TN
2157,2157,BD
2158,2158,VC
2159,2159,CN
2160,2160,PE
2161,2161,PL
2162,2162,KZ
2163,2163,JP
2164,2164,SI
2165,2165,SY
2166,2166,CN
2167,2167,TM
2168,2168,US
2169,2169,PH
2170,2170,KR
2171,2171,PL
2172,2172,PT
2173,2173,ID
2174,2174,SO
2175,2175,EC
2176,2176,PH
2177,2177,CF
2178,2178,PH
2179,2179,KG
2180,2180,CN
2181,2181,CN
2182,2182,UA
2183,2183,MX
2184,2184,PH
2185,2185,AD
2186,2186,ID
2187,2187,CN
2188,2188,SE
2189,2189,NG
2190,2190,DK
2191,2191,MM
2192,2192,YT
2193,2193,TN
2194,2194,CN
2195,2195,CN
2196,2196,FI
2197,2197,CN
2198,2198,TJ
2199,2199,ID
2200,2200,CN
2201,2201,RU
2202,2202,BG
2203,2203,CA
2204,2204,BR
2205,2205,EE
2206,2206,ID
2207,2207,ID
2208,2208,VN
2209,2209,CR
2210,2210,PL
2211,2211,RU
2212,2212,YE
2213,2213,RU
2214,2214,MY
2215,2215,PH
2216,2216,MK
2217,2217,ID
2218,2218,CN
2219,2219,UA
2220,2220,PT
2221,2221,FR
2222,2222,CN
2223,2223,TH
2224,2224,TH
2225,2225,IL
2226,2226,SE
2227,2227,ID
2228,2228,DO
2229,2229,AL
2230,2230,GR
2231,2231,BO
2232,2232,CO
2233,2233,GR
2234,2234,SY
2235,2235,CN
2236,2236,DE
2237,2237,MK
2238,2238,AR
2239,2239,ID
2240,2240,TD
2241,2241,RU
2242,2242,CN
2243,2243,CN
2244,2244,ID
2245,2245,NI
2246,2246,ID
2247,2247,VN
2248,2248,PT
2249,2249,GR
2250,2250,CN
2251,2251,FI
2252,2252,US
2253,2253,PH
2254,2254,PL
2255,2255,TN
2256,2256,CD
2257,2257,CN
2258,2258,PH
2259,2259,SE
2260,2260,TH
2261,2261,AM
2262,2262,DO
2263,2263,ID
2264,2264,US
2265,2265,CZ
2266,2266,ID
2267,2267,KE
2268,2268,RU
2269,2269,CN
2270,2270,BR
2271,2271,PH
2272,2272,SE
2273,2273,CN
2274,2274,CN
2275,2275,ID
2276,2276,CN
2277,2277,ID
2278,2278,MN
2279,2279,JP
2280,2280,CN
2281,2281,SE
2282,2282,NO
2283,2283,PT
2284,2284,AR
2285,2285,AM
2286,2286,BR
2287,2287,AR
2288,2288,PT
2289,2289,BR
2290,2290,CN
2291,2291,RU
2292,2292,NZ
2293,2293,AL
2294,2294,RU
2295,2295,CZ
2296,2296,ID
2297,2297,PT
2298,2298,JP
2299,2299,CN
2300,2300,ID
2301,2301,CN
2302,2302,IN
2303,2303,CN
2304,2304,LV
2305,2305,TZ
2306,2306,RS
2307,2307,PH
2308,2308,KR
2309,2309,CN
2310,2310,SE
2311,2311,ID
2312,2312,PL
2313,2313,PH
2314,2314,RS
2315,2315,CN
2316,2316,ID
2317,2317,GR
2318,2318,KR
2319,2319,CN
2320,2320,PH
2321,2321,BR
2322,2322,ID
2323,2323,PE
2324,2324,RU
2325,2325,ID
2326,2326,PH
2327,2327,CZ
2328,2328,CM
2329,2329,CN
2330,2330,MM
2331,2331,CN
2332,2332,RU
2333,2333,CN
2334,2334,ID
2335,2335,PH
2336,2336,CN
2337,2337,CA
2338,2338,PL
2339,2339,SE
2340,2340,ID
2341,2341,PH
2342,2342,CN
2343,2343,SN
2344,2344,CZ
2345,2345,CN
2346,2346,RU
2347,2347,CN
2348,2348,ID
2349,2349,BA
2350,2350,GR
2351,2351,ID
2352,2352,LK
2353,2353,BD
2354,2354,UA
2355,2355,ID
2356,2356,CN
2357,2357,LV
2358,2358,CN
2359,2359,AF
2360,2360,CL
2361,2361,SN
2362,2362,CN
2363,2363,PH
2364,2364,ID
2365,2365,MX
2366,2366,BR
2367,2367,CN
2368,2368,DE
2369,2369,KZ
2370,2370,KZ
2371,2371,CN
2372,2372,CN
2373,2373,ID
2374,2374,ID
2375,2375,RU
2376,2376,PT
2377,2377,PH
2378,2378,MX
2379,2379,RU
2380,2380,RU
2381,2381,CN
2382,2382,PT
2383,2383,SI
2384,2384,CN
2385,2385,ET
2386,2386,AR
2387,2387,PH
2388,2388,FR
2389,2389,HT
2390,2390,CN
2391,2391,IE
2392,2392,FR
2393,2393,ID
2394,2394,FR
2395,2395,CN
2396,2396,CN
2397,2397,CN
2398,2398,CN
2399,2399,PS
2400,2400,LR
2401,2401,US
2402,2402,ID
2403,2403,CL
2404,2404,PH
2405,2405,CR
2406,2406,BF
2407,2407,CN
2408,2408,RU
2409,2409,PH
2410,2410,JP
2411,2411,CN
2412,2412,IR
2413,2413,MT
2414,2414,ID
2415,2415,BR
2416,2416,CN
2417,2417,FI
2418,2418,ID
2419,2419,ID
2420,2420,ID
2421,2421,RU
2422,2422,FR
2423,2423,PL
2424,2424,PL
2425,2425,AR
2426,2426,NO
2427,2427,CA
2428,2428,SE
2429,2429,CN
2430,2430,PH
2431,2431,ID
2432,2432,PH
2433,2433,CO
2434,2434,PL
2435,2435,MX
2436,2436,UA
2437,2437,CN
2438,2438,PT
2439,2439,CN
2440,2440,AM
2441,2441,ID
2442,2442,BR
2443,2443,AL
2444,2444,CN
2445,2445,RU
2446,2446,GR
2447,2447,CN
2448,2448,CN
2449,2449,FR
2450,2450,GB
2451,2451,SE
2452,2452,GT
2453,2453,FR
2454,2454,CN
2455,2455,CN
2456,2456,BR
2457,2457,PH
2458,2458,CN
2459,2459,CN
2460,2460,PL
2461,2461,FR
2462,2462,PT
2463,2463,BR
2464,2464,SE
2465,2465,BR
2466,2466,NP
2467,2467,AF
2468,2468,CN
2469,2469,MN
2470,2470,JP
2471,2471,LY
2472,2472,CN
2473,2473,ID
2474,2474,PH
2475,2475,ID
2476,2476,SE
2477,2477,CA
2478,2478,CN
2479,2479,US
2480,2480,RU
2481,2481,MG
2482,2482,GS
2483,2483,CN
2484,2484,AM
2485,2485,FR
2486,2486,ID
2487,2487,LU
2488,2488,BR
2489,2489,ID
2490,2490,ID
2491,2491,NO
2492,2492,TZ
2493,2493,CO
2494,2494,US
2495,2495,PH
2496,2496,UA
2497,2497,BR
2498,2498,ID
2499,2499,ZM
2500,2500,CN
2501,2501,CN
2502,2502,ID
2503,2503,FR
2504,2504,AS
2505,2505,LC
2506,2506,BR
2507,2507,ID
2508,2508,SY
2509,2509,UA
2510,2510,SI
2511,2511,CN
2512,2512,PE
2513,2513,CZ
2514,2514,DK
2515,2515,ID
2516,2516,FR
2517,2517,ID
2518,2518,ID
2519,2519,BA
2520,2520,CN
2521,2521,BR
2522,2522,MM
2523,2523,CN
2524,2524,ZM
2525,2525,PH
2526,2526,TZ
2527,2527,CO
2528,2528,CN
2529,2529,CN
2530,2530,MU
2531,2531,BD
2532,2532,CN
2533,2533,AR
2534,2534,CN
2535,2535,CN
2536,2536,HR
2537,2537,AR
2538,2538,BO
2539,2539,NL
2540,2540,RU
2541,2541,PL
2542,2542,PL
2543,2543,BG
2544,2544,TH
2545,2545,TH
2546,2546,ID
2547,2547,NO
2548,2548,CN
2549,2549,PH
2550,2550,ML
2551,2551,CN
2552,2552,ID
2553,2553,CN
2554,2554,CO
2555,2555,SE
2556,2556,PA
2557,2557,GR
2558,2558,UA
2559,2559,JM
2560,2560,FR
2561,2561,US
2562,2562,FR
2563,2563,US
2564,2564,PT
2565,2565,SL
2566,2566,IE
2567,2567,US
2568,2568,AR
2569,2569,SE
2570,2570,PH
2571,2571,KZ
2572,2572,AM
2573,2573,BR
2574,2574,HN
2575,2575,CZ
2576,2576,BR
2577,2577,MX
2578,2578,ID
2579,2579,PT
2580,2580,ID
2581,2581,CN
2582,2582,PH
2583,2583,CN
2584,2584,CO
2585,2585,ID
2586,2586,PL
2587,2587,BO
2588,2588,CN
2589,2589,US
2590,2590,BO
2591,2591,CN
2592,2592,PT
2593,2593,VN
2594,2594,PE
2595,2595,SI
2596,2596,PL
2597,2597,BR
2598,2598,YE
2599,2599,ID
2600,2600,BR
2601,2601,RU
2602,2602,CO
2603,2603,KR
2604,2604,NO
2605,2605,ID
2606,2606,ID
2607,2607,GR
2608,2608,MX
2609,2609,FI
2610,2610,SE
2611,2611,GR
2612,2612,CN
2613,2613,MM
2614,2614,MK
2615,2615,ID
2616,2616,NL
2617,2617,PT
2618,2618,ID
2619,2619,SE
2620,2620,HU
2621,2621,LV
2622,2622,ZA
2623,2623,TK
2624,2624,CL
2625,2625,PH
2626,2626,MX
2627,2627,SE
2628,2628,UY
2629,2629,CN
2630,2630,HN
2631,2631,MN
2632,2632,CN
2633,2633,ID
2634,2634,ZM
2635,2635,PT
2636,2636,CN
2637,2637,PE
2638,2638,RU
2639,2639,CN
2640,2640,CN
2641,2641,TZ
2642,2642,KR
2643,2643,JP
2644,2644,RU
2645,2645,ID
2646,2646,CN
2647,2647,ID
2648,2648,BI
2649,2649,CN
2650,2650,ID
2651,2651,BR
2652,2652,RU
2653,2653,KZ
2654,2654,FR
2655,2655,CN
2656,2656,MZ
2657,2657,FR
2658,2658,BA
2659,2659,CN
2660,2660,ID
2661,2661,TH
2662,2662,PL
2663,2663,US
2664,2664,TN
2665,2665,ID
2666,2666,ZA
2667,2667,ID
2668,2668,LT
2669,2669,ID
2670,2670,MA
2671,2671,PT
2672,2672,MX
2673,2673,CN
2674,2674,CN
2675,2675,AR
2676,2676,CN
2677,2677,BR
2678,2678,JP
2679,2679,RU
2680,2680,ID
2681,2681,NL
2682,2682,MK
2683,2683,ID
2684,2684,ID
2685,2685,RU
2686,2686,ID
2687,2687,PH
2688,2688,US
2689,2689,PS
2690,2690,CN
2691,2691,ID
2692,2692,RU
2693,2693,US
2694,2694,CN
2695,2695,CN
2696,2696,PH
2697,2697,CN
2698,2698,HT
2699,2699,GR
2700,2700,ID
2701,2701,CN
2702,2702,ID
2703,2703,PS
2704,2704,TT
2705,2705,DO
2706,2706,GT
2707,2707,FR
2708,2708,PL
2709,2709,VN
2710,2710,GH
2711,2711,EG
2712,2712,RU
2713,2713,CN
2714,2714,HR
2715,2715,AR
2716,2716,VN
2717,2717,CN
2718,2718,SE
2719,2719,KH
2720,2720,FR
2721,2721,ID
2722,2722,MX
2723,2723,CN
2724,2724,UA
2725,2725,KR
2726,2726,BR
2727,2727,SE
2728,2728,NO
2729,2729,PH
2730,2730,RU
2731,2731,PL
2732,2732,PA
2733,2733,PE
2734,2734,PT
2735,2735,GR
2736,2736,UA
2737,2737,VE
2738,2738,RU
2739,2739,YE
2740,2740,CN
2741,2741,CN
2742,2742,PT
2743,2743,US
2744,2744,JP
2745,2745,ID
2746,2746,SE
2747,2747,CA
2748,2748,BR
2749,2749,PE
2750,2750,CN
2751,2751,RU
2752,2752,CN
2753,2753,PT
2754,2754,RU
2755,2755,PE
2756,2756,PL
2757,2757,BG
2758,2758,CN
2759,2759,CN
2760,2760,BR
2761,2761,NO
2762,2762,PH
2763,2763,ID
2764,2764,ID
2765,2765,CN
2766,2766,BR
2767,2767,CI
2768,2768,TH
2769,2769,CN
2770,2770,VN
2771,2771,US
2772,2772,TG
2773,2773,AR
2774,2774,CU
2775,2775,UZ
2776,2776,CN
2777,2777,ID
2778,2778,SE
2779,2779,DE
2780,2780,GT
2781,2781,ID
2782,2782,FR
2783,2783,CN
2784,2784,CN
2785,2785,US
2786,2786,GR
2787,2787,PT
2788,2788,CN
2789,2789,PT
2790,2790,RU
2791,2791,PT
2792,2792,BF
2793,2793,BR
2794,2794,AU
2795,2795,ID
2796,2796,CN
2797,2797,PT
2798,2798,MN
2799,2799,CN
2800,2800,PH
2801,2801,CN
2802,2802,ID
2803,2803,CZ
2804,2804,CL
2805,2805,ID
2806,2806,ID
2807,2807,HN
2808,2808,FR
2809,2809,PH
2810,2810,CN
2811,2811,GR
2812,2812,PE
2813,2813,RU
2814,2814,GB
2815,2815,CA
2816,2816,TH
2817,2817,ID
2818,2818,BR
2819,2819,SI
2820,2820,PT
2821,2821,FR
2822,2822,ID
2823,2823,CN
2824,2824,MC
2825,2825,SI
2826,2826,NL
2827,2827,AR
2828,2828,CN
2829,2829,KE
2830,2830,AL
2831,2831,JP
2832,2832,GR
2833,2833,FR
2834,2834,US
2835,2835,CN
2836,2836,RU
2837,2837,AL
2838,2838,CZ
2839,2839,ID
2840,2840,AE
2841,2841,BR
2842,2842,GR
2843,2843,ID
2844,2844,FR
2845,2845,GR
2846,2846,CN
2847,2847,CN
2848,2848,CN
2849,2849,MK
2850,2850,JP
2851,2851,RU
2852,2852,MX
2853,2853,LU
2854,2854,CN
2855,2855,PS
2856,2856,UA
2857,2857,LA
2858,2858,US
2859,2859,LK
2860,2860,ID
2861,2861,CN
2862,2862,IR
2863,2863,ID
2864,2864,PL
2865,2865,BR
2866,2866,CN
2867,2867,NZ
2868,2868,VN
2869,2869,TH
2870,2870,ID
2871,2871,CN
2872,2872,US
2873,2873,PL
2874,2874,BH
2875,2875,AR
2876,2876,CN
2877,2877,CN
2878,2878,IR
2879,2879,UG
2880,2880,FR
2881,2881,PL
2882,2882,CN
2883,2883,PH
2884,2884,CZ
2885,2885,SY
2886,2886,NP
2887,2887,BR
2888,2888,RU
2889,2889,FR
2890,2890,BR
2891,2891,HR
2892,2892,ID
2893,2893,US
2894,2894,AF
2895,2895,PA
2896,2896,ID
2897,2897,RS
2898,2898,NL
2899,2899,RU
2900,2900,DO
2901,2901,IE
2902,2902,CN
2903,2903,MX
2904,2904,JP
2905,2905,CN
2906,2906,LY
2907,2907,MN
2908,2908,CN
2909,2909,CN
2910,2910,CN
2911,2911,IR
2912,2912,IR
2913,2913,PE
2914,2914,CZ
2915,2915,CN
2916,2916,BR
2917,2917,BR
2918,2918,CN
2919,2919,RU
2920,2920,ES
2921,2921,ID
2922,2922,EE
2923,2923,TN
2924,2924,HN
2925,2925,RU
2926,2926,MK
2927,2927,TH
2928,2928,PS
2929,2929,DO
2930,2930,PH
2931,2931,FR
2932,2932,CN
2933,2933,GR
2934,2934,ID
2935,2935,VE
2936,2936,YE
2937,2937,CA
2938,2938,RU
2939,2939,RU
2940,2940,TH
2941,2941,PH
2942,2942,PH
2943,2943,RU
2944,2944,PS
2945,2945,PT
2946,2946,MY
2947,2947,NO
2948,2948,UA
2949,2949,VN
2950,2950,AR
2951,2951,IE
2952,2952,DE
2953,2953,IE
2954,2954,JP
2955,2955,MA
2956,2956,VN
2957,2957,PL
2958,2958,ID
2959,2959,SE
2960,2960,PH
2961,2961,CN
2962,2962,MX
2963,2963,CN
2964,2964,MG
2965,2965,BR
2966,2966,JM
2967,2967,CN
2968,2968,PH
2969,2969,RU
2970,2970,ID
2971,2971,CN
2972,2972,US
2973,2973,NG
2974,2974,PL
2975,2975,MX
2976,2976,AR
2977,2977,ID
2978,2978,RU
2979,2979,BR
2980,2980,CN
2981,2981,SE
2982,2982,BR
2983,2983,PT
2984,2984,PT
2985,2985,CN
2986,2986,CN
2987,2987,CN
2988,2988,CN
2989,2989,PT
2990,2990,BR
2991,2991,CN
2992,2992,US
2993,2993,BR
2994,2994,US
2995,2995,CN
2996,2996,RU
2997,2997,CN
2998,2998,FR
2999,2999,CO
3000,3000,ID